{
  "data": {
    "pitch": -47.61869812011719,
    "roll": -3.5748493671417236,
    "tx": 0.09682229906320572,
    "ty": -0.0005089850747026503,
    "tz": 0.03531910106539726,
    "yaw": -5.237128257751465
  },
  "type": "two_cameras_extrinsic"
}
